{
    "best_model_name": "Linear SVC (Calibrated)",
    "best_f1_score": 0.9455392223181538,
    "models_evaluated": [
        "Logistic Regression",
        "Multinomial Naive Bayes",
        "SGDClassifier",
        "Random Forest",
        "Linear SVC (Calibrated)"
    ],
    "detailed_results": {
        "Logistic Regression": {
            "metrics": {
                "accuracy": 0.9242304656669298,
                "precision": 0.9254590976019488,
                "recall": 0.9242304656669298,
                "f1_score": 0.9241774713909531
            },
            "confusion_matrix": [
                [
                    602,
                    31
                ],
                [
                    65,
                    569
                ]
            ],
            "classification_report": {
                "FAKE": {
                    "precision": 0.9025487256371814,
                    "recall": 0.9510268562401264,
                    "f1-score": 0.9261538461538461,
                    "support": 633.0
                },
                "REAL": {
                    "precision": 0.9483333333333334,
                    "recall": 0.8974763406940063,
                    "f1-score": 0.9222042139384117,
                    "support": 634.0
                },
                "accuracy": 0.9242304656669298,
                "macro avg": {
                    "precision": 0.9254410294852573,
                    "recall": 0.9242515984670663,
                    "f1-score": 0.9241790300461289,
                    "support": 1267.0
                },
                "weighted avg": {
                    "precision": 0.9254590976019488,
                    "recall": 0.9242304656669298,
                    "f1-score": 0.9241774713909531,
                    "support": 1267.0
                }
            },
            "training_time_sec": 0.46546316146850586,
            "prediction_time_sec": 0.0012612342834472656
        },
        "Multinomial Naive Bayes": {
            "metrics": {
                "accuracy": 0.8421468034727704,
                "precision": 0.8721714538918446,
                "recall": 0.8421468034727704,
                "f1_score": 0.8388763643182007
            },
            "confusion_matrix": [
                [
                    443,
                    190
                ],
                [
                    10,
                    624
                ]
            ],
            "classification_report": {
                "FAKE": {
                    "precision": 0.977924944812362,
                    "recall": 0.6998420221169036,
                    "f1-score": 0.8158379373848987,
                    "support": 633.0
                },
                "REAL": {
                    "precision": 0.7665847665847666,
                    "recall": 0.9842271293375394,
                    "f1-score": 0.861878453038674,
                    "support": 634.0
                },
                "accuracy": 0.8421468034727704,
                "macro avg": {
                    "precision": 0.8722548556985643,
                    "recall": 0.8420345757272215,
                    "f1-score": 0.8388581952117864,
                    "support": 1267.0
                },
                "weighted avg": {
                    "precision": 0.8721714538918446,
                    "recall": 0.8421468034727704,
                    "f1-score": 0.8388763643182007,
                    "support": 1267.0
                }
            },
            "training_time_sec": 0.024703025817871094,
            "prediction_time_sec": 0.0032715797424316406
        },
        "SGDClassifier": {
            "metrics": {
                "accuracy": 0.9408050513022889,
                "precision": 0.9414944147360975,
                "recall": 0.9408050513022889,
                "f1_score": 0.9407829183917819
            },
            "confusion_matrix": [
                [
                    608,
                    25
                ],
                [
                    50,
                    584
                ]
            ],
            "classification_report": {
                "FAKE": {
                    "precision": 0.9240121580547113,
                    "recall": 0.9605055292259084,
                    "f1-score": 0.9419054996127033,
                    "support": 633.0
                },
                "REAL": {
                    "precision": 0.9589490968801314,
                    "recall": 0.9211356466876972,
                    "f1-score": 0.9396621078037007,
                    "support": 634.0
                },
                "accuracy": 0.9408050513022889,
                "macro avg": {
                    "precision": 0.9414806274674213,
                    "recall": 0.9408205879568028,
                    "f1-score": 0.940783803708202,
                    "support": 1267.0
                },
                "weighted avg": {
                    "precision": 0.9414944147360975,
                    "recall": 0.9408050513022889,
                    "f1-score": 0.9407829183917819,
                    "support": 1267.0
                }
            },
            "training_time_sec": 0.0858757495880127,
            "prediction_time_sec": 0.0013835430145263672
        },
        "Random Forest": {
            "metrics": {
                "accuracy": 0.9060773480662984,
                "precision": 0.9061261163665617,
                "recall": 0.9060773480662984,
                "f1_score": 0.9060740714736036
            },
            "confusion_matrix": [
                [
                    570,
                    63
                ],
                [
                    56,
                    578
                ]
            ],
            "classification_report": {
                "FAKE": {
                    "precision": 0.9105431309904153,
                    "recall": 0.9004739336492891,
                    "f1-score": 0.9054805401111994,
                    "support": 633.0
                },
                "REAL": {
                    "precision": 0.9017160686427457,
                    "recall": 0.9116719242902208,
                    "f1-score": 0.9066666666666666,
                    "support": 634.0
                },
                "accuracy": 0.9060773480662984,
                "macro avg": {
                    "precision": 0.9061295998165805,
                    "recall": 0.9060729289697549,
                    "f1-score": 0.906073603388933,
                    "support": 1267.0
                },
                "weighted avg": {
                    "precision": 0.9061261163665617,
                    "recall": 0.9060773480662984,
                    "f1-score": 0.9060740714736036,
                    "support": 1267.0
                }
            },
            "training_time_sec": 7.223012208938599,
            "prediction_time_sec": 0.17455768585205078
        },
        "Linear SVC (Calibrated)": {
            "metrics": {
                "accuracy": 0.9455406471981057,
                "precision": 0.9455955268318965,
                "recall": 0.9455406471981057,
                "f1_score": 0.9455392223181538
            },
            "confusion_matrix": [
                [
                    602,
                    31
                ],
                [
                    38,
                    596
                ]
            ],
            "classification_report": {
                "FAKE": {
                    "precision": 0.940625,
                    "recall": 0.9510268562401264,
                    "f1-score": 0.9457973291437549,
                    "support": 633.0
                },
                "REAL": {
                    "precision": 0.9505582137161085,
                    "recall": 0.9400630914826499,
                    "f1-score": 0.9452815226011102,
                    "support": 634.0
                },
                "accuracy": 0.9455406471981057,